<?xml version="1.0" encoding="utf-8"?>
<databaseChangeLog
    xmlns="http://www.liquibase.org/xml/ns/dbchangelog"
    xmlns:xsi="http://www.w3.org/2001/XMLSchema-instance"
    xsi:schemaLocation="http://www.liquibase.org/xml/ns/dbchangelog http://www.liquibase.org/xml/ns/dbchangelog/dbchangelog-3.5.xsd">

    <include file="config/liquibase/changelog/00000000000000_initial_schema.xml" relativeToChangelogFile="false"/>
    <include file="config/liquibase/changelog/20180806095026_added_entity_City.xml" relativeToChangelogFile="false"/>
    <include file="config/liquibase/changelog/20180806095027_added_entity_District.xml" relativeToChangelogFile="false"/>
    <include file="config/liquibase/changelog/20180806095028_added_entity_Street.xml" relativeToChangelogFile="false"/>
    <include file="config/liquibase/changelog/20180806095029_added_entity_UserProfile.xml" relativeToChangelogFile="false"/>
    <include file="config/liquibase/changelog/20180806095030_added_entity_Accounts.xml" relativeToChangelogFile="false"/>
    <!-- jhipster-needle-liquibase-add-changelog - JHipster will add liquibase changelogs here -->
    <include file="config/liquibase/changelog/20180806095027_added_entity_constraints_District.xml" relativeToChangelogFile="false"/>
    <include file="config/liquibase/changelog/20180806095028_added_entity_constraints_Street.xml" relativeToChangelogFile="false"/>
    <include file="config/liquibase/changelog/20180806095029_added_entity_constraints_UserProfile.xml" relativeToChangelogFile="false"/>
    <!-- jhipster-needle-liquibase-add-constraints-changelog - JHipster will add liquibase constraints changelogs here -->
</databaseChangeLog>
