{
    "name": "Accounts",
    "fields": [
        {
            "fieldName": "login",
            "fieldType": "String"
        },
        {
            "fieldName": "name",
            "fieldType": "String"
        },
        {
            "fieldName": "email",
            "fieldType": "String"
        },
        {
            "fieldName": "activated",
            "fieldType": "Boolean"
        },
        {
            "fieldName": "langKey",
            "fieldType": "String"
        },
        {
            "fieldName": "avatar",
            "fieldType": "byte[]",
            "fieldTypeBlobContent": "image"
        },
        {
            "fieldName": "createdBy",
            "fieldType": "String"
        },
        {
            "fieldName": "createdDate",
            "fieldType": "LocalDate"
        },
        {
            "fieldName": "lastModifiedBy",
            "fieldType": "String"
        },
        {
            "fieldName": "lastModifiedDate",
            "fieldType": "LocalDate"
        },
        {
            "fieldName": "password",
            "fieldType": "String"
        }
    ],
    "relationships": [],
    "changelogDate": "20180806095030",
    "entityTableName": "accounts",
    "dto": "no",
    "pagination": "no",
    "service": "no",
    "jpaMetamodelFiltering": false,
    "fluentMethods": true,
    "clientRootFolder": "",
    "applications": "*"
}