{
    "name": "City",
    "fields": [
        {
            "fieldName": "name",
            "fieldType": "String"
        },
        {
            "fieldName": "enabled",
            "fieldType": "Boolean"
        },
        {
            "fieldName": "createAt",
            "fieldType": "LocalDate"
        },
        {
            "fieldName": "updateAt",
            "fieldType": "LocalDate"
        }
    ],
    "relationships": [
        {
            "relationshipType": "one-to-many",
            "relationshipName": "city",
            "otherEntityName": "district",
            "otherEntityRelationshipName": "city"
        }
    ],
    "changelogDate": "20180806095026",
    "entityTableName": "city",
    "dto": "no",
    "pagination": "no",
    "service": "no",
    "jpaMetamodelFiltering": false,
    "fluentMethods": true,
    "clientRootFolder": "",
    "applications": "*"
}