{
    "name": "District",
    "fields": [
        {
            "fieldName": "name",
            "fieldType": "String"
        },
        {
            "fieldName": "enabled",
            "fieldType": "Boolean"
        },
        {
            "fieldName": "createAt",
            "fieldType": "LocalDate"
        },
        {
            "fieldName": "updateAt",
            "fieldType": "LocalDate"
        }
    ],
    "relationships": [
        {
            "relationshipName": "city",
            "otherEntityName": "city",
            "relationshipType": "many-to-one",
            "otherEntityField": "id"
        },
        {
            "relationshipType": "one-to-many",
            "relationshipName": "district",
            "otherEntityName": "street",
            "otherEntityRelationshipName": "district"
        }
    ],
    "changelogDate": "20180806095027",
    "entityTableName": "district",
    "dto": "no",
    "pagination": "no",
    "service": "no",
    "jpaMetamodelFiltering": false,
    "fluentMethods": true,
    "clientRootFolder": "",
    "applications": "*"
}