{
    "name": "Street",
    "fields": [
        {
            "fieldName": "name",
            "fieldType": "String"
        },
        {
            "fieldName": "enabled",
            "fieldType": "Boolean"
        },
        {
            "fieldName": "createAt",
            "fieldType": "LocalDate"
        },
        {
            "fieldName": "updateAt",
            "fieldType": "LocalDate"
        }
    ],
    "relationships": [
        {
            "relationshipName": "district",
            "otherEntityName": "district",
            "relationshipType": "many-to-one",
            "otherEntityField": "id"
        }
    ],
    "changelogDate": "20180806095028",
    "entityTableName": "street",
    "dto": "no",
    "pagination": "no",
    "service": "no",
    "jpaMetamodelFiltering": false,
    "fluentMethods": true,
    "clientRootFolder": "",
    "applications": "*"
}