{
    "name": "UserProfile",
    "fields": [
        {
            "fieldName": "avatar",
            "fieldType": "byte[]",
            "fieldTypeBlobContent": "image"
        },
        {
            "fieldName": "address",
            "fieldType": "String"
        }
    ],
    "relationships": [
        {
            "relationshipType": "many-to-one",
            "relationshipName": "user",
            "otherEntityName": "user",
            "otherEntityField": "email"
        }
    ],
    "changelogDate": "20180806095029",
    "entityTableName": "user_profile",
    "dto": "no",
    "pagination": "no",
    "service": "no",
    "jpaMetamodelFiltering": false,
    "fluentMethods": true,
    "clientRootFolder": "",
    "applications": "*"
}