{
  "comments": [
    {
      "ID": "1",
      "users": {
        "user_name": "Takeku Bara",
        "avatar": "http://pics1.pof.com/dating/221/89/4iozl43dvlhe1xlskxev0f10w369212433.jpg"
      },
      "rating": 3,
      "comment": "Japan is a strato volcanic archipelago consisting of about 6,852 islands. The four largest are Honshu, Hokkaido, Kyushu and Shikoku, which make up about",
      "image": "http://duananhalotus.com/upload/album/0904234.jpg",
      "date_created": "2017/09/12"
    },
    {
      "ID": "2",
      "users": {
        "user_name": "ZShao Zin Honda",
        "avatar": "http://duananhalotus.com/upload/album/0904234.jpg"
      },
      "rating": 2,
      "comment": "Japan is a strato volcanic archipelago consisting of about 6,852 islands.",
      "image": "http://pics1.pof.com/dating/221/89/4iozl43dvlhe1xlskxev0f10w369212433.jpg",
      "date_created": "2017/10/25"
    }
  ]
}
