{
  "gender": {
    "MALE": "Male",
    "FEMALE": "Female",
    "OTHER": "Other"
  },
  "language": {
    "1": "English",
    "2": "Russian",
    "3": "Chinese",
    "4": "Korean",
    "5": "Hindi",
    "6": "Bengali",
    "7": "Persian",
    "8": "Arabic",
    "9": "Tamil",
    "10": "Japanese",
    "11": "French",
    "12": "Spanish",
    "13": "Portuguese",
    "14": "Malaysian",
    "15": "Vietnamese",
    "16": "Thai",
    "17": "Myanmar",
    "18": "Phillipinese",
    "19": "Others"
  },
  "country": {
    "1": "Korea",
    "2": "China",
    "3": "Taiwan",
    "4": "Hong Kong",
    "5": "Thailand",
    "6": "Singapore",
    "7": "Malaysia",
    "8": "Indonesia",
    "9": "Philippine",
    "10": "Vietnam",
    "11": "India",
    "12": "Macau",
    "13": "Israel",
    "14": "Mongolia",
    "15": "Turkey",
    "16": "England",
    "17": "France",
    "18": "Germany",
    "19": "Italy",
    "20": "Russia",
    "21": "Spain",
    "22": "Sweden",
    "23": "Netherlands",
    "24": "Switzerland",
    "25": "Belgium",
    "26": "Finland",
    "27": "Poland",
    "28": "Denmark",
    "29": "Norway",
    "30": "Australia",
    "31": "Portugal",
    "32": "Ireland",
    "33": "America",
    "34": "Canada",
    "35": "Mexico",
    "36": "Brazil",
    "37": "Australia",
    "38": "New Zealand",
    "39": "Others"
  },
  "currency": {
    "1": "AED",
    "2": "AFN",
    "3": "ALL",
    "4": "AMD",
    "5": "ANG",
    "6": "AOA",
    "7": "ARS",
    "8": "AUD",
    "9": "AWG",
    "10": "AZN",
    "11": "BAM",
    "12": "BBD",
    "13": "BDT",
    "14": "BGN",
    "15": "BHD",
    "16": "BIF",
    "17": "BMD",
    "18": "BND",
    "19": "BOB",
    "20": "BRL",
    "21": "BSD",
    "22": "BTN",
    "23": "BWP",
    "24": "BYN",
    "25": "BYR",
    "26": "BZD",
    "27": "CAD",
    "28": "CDF",
    "29": "CHF",
    "30": "CLP",
    "31": "CNY",
    "32": "COP",
    "33": "CRC",
    "34": "CUC",
    "35": "CUP",
    "36": "CVE",
    "37": "CZK",
    "38": "DJF",
    "39": "DKK",
    "40": "DOP",
    "41": "DZD",
    "42": "EGP",
    "43": "ERN",
    "44": "ETB",
    "45": "EUR",
    "46": "FJD",
    "47": "FKP",
    "48": "GBP",
    "49": "GEL",
    "50": "GGP[G]",
    "51": "GHS",
    "52": "GIP",
    "53": "GMD",
    "54": "GNF",
    "55": "GTQ",
    "56": "GYD",
    "57": "HKD",
    "58": "HNL",
    "59": "HRK",
    "60": "HTG",
    "61": "HUF",
    "62": "IDR",
    "63": "ILS",
    "64": "IMP[G]",
    "65": "INR",
    "66": "IQD",
    "67": "IRR",
    "68": "ISK",
    "69": "JEP[G]",
    "70": "JMD",
    "71": "JOD",
    "72": "JPY",
    "73": "KES",
    "74": "KGS",
    "75": "KHR",
    "76": "KMF",
    "77": "KPW",
    "78": "KRW",
    "79": "KWD",
    "80": "KYD",
    "81": "KZT",
    "82": "LAK",
    "83": "LBP",
    "84": "LKR",
    "85": "LRD",
    "86": "LSL",
    "87": "LYD",
    "88": "MAD",
    "89": "MDL",
    "90": "MGA",
    "91": "MKD",
    "92": "MMK",
    "93": "MNT",
    "94": "MOP",
    "95": "MRO",
    "96": "MUR",
    "97": "MVR",
    "98": "MWK",
    "99": "MXN",
    "100": "MYR",
    "101": "MZN",
    "102": "NAD",
    "103": "NGN",
    "104": "NIO",
    "105": "NOK",
    "106": "NPR",
    "107": "NZD",
    "108": "OMR",
    "109": "PAB",
    "110": "PEN",
    "111": "PGK",
    "112": "PHP",
    "113": "PKR",
    "114": "PLN",
    "115": "PRB[G]",
    "116": "PYG",
    "117": "QAR",
    "118": "RON",
    "119": "RSD",
    "120": "RUB",
    "121": "RWF",
    "122": "SAR",
    "123": "SBD",
    "124": "SCR",
    "125": "SDG",
    "126": "SEK",
    "127": "SGD",
    "128": "SHP",
    "129": "SLL",
    "130": "SOS",
    "131": "SRD",
    "132": "SSP",
    "133": "STD",
    "134": "SYP",
    "135": "SZL",
    "136": "THB",
    "137": "TJS",
    "138": "TMT",
    "139": "TND",
    "140": "TOP",
    "141": "TRY",
    "142": "TTD",
    "143": "TVD[G]",
    "144": "TWD",
    "145": "TZS",
    "146": "UAH",
    "147": "UGX",
    "148": "USD",
    "149": "UYU",
    "150": "UZS",
    "151": "VEF",
    "152": "VND",
    "153": "VUV",
    "154": "WST",
    "155": "XAF",
    "156": "XCD",
    "157": "XOF",
    "158": "XPF",
    "159": "YER",
    "160": "ZAR",
    "161": "ZMW"
  },
  "job": {
    "1": "Advertiser",
    "2": "Agriculture and forestry",
    "3": "Art related",
    "4": "Stock breeding industry",
    "5": "Fashion designer",
    "6": "Employee",
    "7": "Engineer",
    "8": "Fishery",
    "9": "Housewife",
    "10": "Law related",
    "11": "Mass media",
    "12": "Medical related",
    "13": "Public servant",
    "14": "Religious related",
    "15": "Self-employment",
    "16": "Teacher",
    "17": "Unemployed",
    "18": "Others"
  },
  "religion": {
    "0": "None",
    "1": "Christianity",
    "2": "Protestant",
    "3": "Catholics",
    "4": "Church of England",
    "5": "Orthodox Church",
    "6": "Islam",
    "7": "Sunni",
    "8": "Shia",
    "9": "Hinduism",
    "10": "Taoism",
    "11": "Buddhism",
    "12": "Others"
  }
}
