{
  "plan": {
    "planId": "6666",
    "title": "Plan 1",
    "start_date": "2017/06/05",
    "end_date": "2017/07/02",
    "duration": "3 days",
    "rating": "4 sao",
    "summary": "The kanji that make up Japan's name mean sun origin. 日 can be read as ni and means sun, while 本 can be read as hon, or pon and means origin. Japan is often referred to by the famous epithet 'Land of the Rising Sun' in reference to its Japanese name. Japan is a stratovolcanic archipelago consisting of about6, 852 islands. The four largest are Honshu, Hokkaido, Kyushu and Shikoku, which make up about ninety-seven percent of Japan's land area and often are referred to as home islands. The country is divided into47 prefectures in eight regions; Hokkaido being the northernmost prefecture and Okinawa being the southernmost one. The population of127 million is the world's tenth largest. Japanese people make up98.5% of Japan's total population. Approximately9.1 million people live in the city of Tokyo, the capital of Japan.",
    "image": "http://duananhalotus.com/upload/album/0904234.jpg",
    "schedule": [
      {
        "date": "2017/06/19",
        "location": "Tokyo, abc",
        "transition_type": "by Car",
        "latLong": "210.65656565, 210.232652369",
        "images": {
          "0": "http:////",
          "1": "http://fsdfdf"
        }
      },
      {
        "date": "2017/06/29",
        "location": "Tokyo, abc",
        "transition_type": "by Car",
        "latLong": "210.65656565, 210.232652369",
        "images": {
          "0": "http:////",
          "1": "http://fsdfdf"
        }
      }
    ],
    "comments": [
      {
        "user_rated": "5 star",
        "avt": "http:://",
        "comment": "comment"
      },
      {
        "user_rated": "5 star",
        "avt": "http:://",
        "comment": "comment"
      }
    ]
  }
}
