{
  "2017-06-11": [
    {
      "title": "Travel in Tokyo",
      "date": "2017-06-11T17:00:00.000Z",
      "start": "7:00 am",
      "stay": 4,
      "summary": "Travel park in Tokyo",
      "map": {
        "location": {
          "lat": 35.709699,
          "lng": 139.732873
        },
        "place_id": "ChIJ5y1dEq6HGGARCHa70h7ZqYd8",
        "id": "73a557c8bc886a604f48cafe3f6a28251ca2d83a",
        "name": "Mizue Ryokuchi Park",
        "rating": 3.1,
        "reference": "CmRSAAAAGbdK__hEisGgxKAVxRkEP2jZu6ixWKCnUt7az8uEmk2dqNJ8LbhUX5yP1pTUk2bFtGn9fZAaU4OmGEn-EY3wuVXw6bryEkHpvhBVUi1xHNyqHYb6ERqVFLv2idHXTrLMEhAC6VMqaybveybx20-p9jjuGhRvmRCMmZT1-6a6G2WWxfXiCoi3rA",
        "types": ["park", "point_of_interest", "establishment"],
        "formatted_address": "Nhật Bản, 〒132-0003 Tōkyō-to, Edogawa-ku, Haruechō, 3 Chome, 東京都江戸川区春江町３丁目",
        "icon": "https://maps.gstatic.com/mapfiles/place_api/icons/generic_recreational-71.png",
        "post_code": " 〒132-0003",
        "input_address": "Mizue Ryokuchi Park, Edogawa, Tokyo, Nhật Bản"
      }
    }
  ],
  "2017-06-12": [
    {
      "title": "Nakatsugawa Park",
      "date": "2017-06-12T17:00:00.000Z",
      "start": "8:00 pm",
      "stay": 5,
      "summary": "Nakatsugawa Park, Nakatsugawa, Gifu",
      "map": {
        "location": {
          "lat": 35.707857,
          "lng": 139.731295
        },
        "place_id": "ChIJ_1lOf6G0HGARfGiCXorTIgWM",
        "id": "8e84e17a5c9614930a55b2e492323169516b846d",
        "international_phone_number": "+81 573-68-8005",
        "name": "Nakatsugawa Park",
        "rating": 3.9,
        "reference": "CmRRAAAA7PD7BaI4eOQphavgotrPki0lrqADk4ftfO7sXdiQ52DXAWquQsG0h3WxZRTJQpOSUanNPxcCLnbCN16sidU2CA3RbYh_RDDnKReYkaJFgRrPLQnVNy5fIkAiSkES4tO-EhCUOpSKB1kPvDSSh6bawFJYGhTcziwiuZ9-lo5TyZ1xRuhZZ7FyYA",
        "website": "http://www.city.nakatsugawa.gifu.jp/wiki/%E4%B8%AD%E6%B4%A5%E5%B7%9D%E5%85%AC%E5%9C%92",
        "types": ["park", "point_of_interest", "establishment"],
        "formatted_address": "Nhật Bản, 〒509-9132 Gifu-ken, Nakatsugawa-shi, Nasubigawa, １６８３−７９７",
        "icon": "https://maps.gstatic.com/mapfiles/place_api/icons/generic_recreational-71.png",
        "post_code": " 〒509-9132",
        "input_address": "Nakatsugawa Park, Nakatsugawa, Gifu, Nhật Bản"
      }
    },
    {
      "title": "Travel in Tokyo",
      "date": "2017-06-12T17:00:00.000Z",
      "start": "7:00 am",
      "stay": 4,
      "summary": "Travel park in Tokyo",
      "map": {
        "location": {
          "lat": 35.705127,
          "lng": 139.753692
        },
        "place_id": "ChIJ5y1dEq6HGGARCHea70h7ZqY8",
        "id": "73a557c8bc886a604f48cafe3f6a28251ca2d83a",
        "name": "Mizue Ryokuchi Park",
        "rating": 3.1,
        "reference": "CmRSAAAAGbdK__hEisGgxKAVxRkEP2jZu6ixWKCnUt7az8uEmk2dqNJ8LbhUX5yP1pTUk2bFtGn9fZAaU4OmGEn-EY3wuVXw6bryEkHpvhBVUi1xHNyqHYb6ERqVFLv2idHXTrLMEhAC6VMqaybveybx20-p9jjuGhRvmRCMmZT1-6a6G2WWxfXiCoi3rA",
        "types": ["park", "point_of_interest", "establishment"],
        "formatted_address": "Nhật Bản, 〒132-0003 Tōkyō-to, Edogawa-ku, Haruechō, 3 Chome, 東京都江戸川区春江町３丁目",
        "icon": "https://maps.gstatic.com/mapfiles/place_api/icons/generic_recreational-71.png",
        "post_code": " 〒132-0003",
        "input_address": "Mizue Ryokuchi Park, Edogawa, Tokyo, Nhật Bản"
      }
    },
    {
      "title": "Nakatsugawa Park",
      "date": "2017-06-13T17:00:00.000Z",
      "start": "9:55 pm",
      "stay": 3,
      "summary": "Gyoda Park, Funabashi, Chiba, Nhật Bản",
      "map": {
        "location": {
          "lat": 35.691639,
          "lng": 139.771158
        },
        "place_id": "ChIJfUHuLfddGAGGARCadVjtdI8NqTQ",
        "id": "251262c8bd5266b3812614daf71f46846ba7ec67",
        "international_phone_number": "+81 47-430-6229",
        "name": "Gyoda Park",
        "rating": 4,
        "reference": "CmRRAAAAmKA469j7VxxqUUdhEbXWgviVN_r4WApqOXiVwy84_2csRu5BPY30q36fy51lJ2lKKUjaADT8y07QQc-nKJ0Ue7jSnHO94N50d_QOC45JRB370WC2oSP2xpUDOT7_m3aKEhBkErhaSx7vCV6B324I5-VPGhSGz4tZM0XDIhzMFVzna61i8weVug",
        "website": "http://www.pref.chiba.lg.jp/cs-katsunan/kouen/kenritsu.html",
        "types": [
          "park",
          "natural_feature",
          "point_of_interest",
          "establishment"
        ],
        "formatted_address": "Nhật Bản, 〒273-0044 Chiba-ken, Funabashi-shi, Gyōda, 2 Chome−２−５",
        "icon": "https://maps.gstatic.com/mapfiles/place_api/icons/generic_recreational-71.png",
        "post_code": " 〒273-0044",
        "input_address": "Gyoda Park, Funabashi, Chiba, Nhật Bản"
      }
    }
  ],
  "2017-06-13": [
    {
      "title": "Nakatsugawa Park",
      "date": "2017-06-13T17:00:00.000Z",
      "start": "9:55 pm",
      "stay": 3,
      "summary": "Gyoda Park, Funabashi, Chiba, Nhật Bản",
      "map": {
        "location": {
          "lat": 35.691839,
          "lng": 139.775158
        },
        "place_id": "ChIJfUHuLfGAGGARCadVjtdI8NqTQ",
        "id": "251262c8bd5266b3812614daf71f46846ba7ec67",
        "international_phone_number": "+81 47-430-6229",
        "name": "Gyoda Park",
        "rating": 4,
        "reference": "CmRRAAAAmKA469j7VxxqUUdhEbXWgviVN_r4WApqOXiVwy84_2csRu5BPY30q36fy51lJ2lKKUjaADT8y07QQc-nKJ0Ue7jSnHO94N50d_QOC45JRB370WC2oSP2xpUDOT7_m3aKEhBkErhaSx7vCV6B324I5-VPGhSGz4tZM0XDIhzMFVzna61i8weVug",
        "website": "http://www.pref.chiba.lg.jp/cs-katsunan/kouen/kenritsu.html",
        "types": [
          "park",
          "natural_feature",
          "point_of_interest",
          "establishment"
        ],
        "formatted_address": "Nhật Bản, 〒273-0044 Chiba-ken, Funabashi-shi, Gyōda, 2 Chome−２−５",
        "icon": "https://maps.gstatic.com/mapfiles/place_api/icons/generic_recreational-71.png",
        "post_code": " 〒273-0044",
        "input_address": "Gyoda Park, Funabashi, Chiba, Nhật Bản"
      }
    },
    {
      "title": "Travel in Tokyo",
      "date": "2017-06-13T17:00:00.000Z",
      "start": "7:00 am",
      "stay": 4,
      "summary": "Travel park in Tokyo",
      "map": {
        "location": {
          "lat": 35.709399,
          "lng": 139.734873
        },
        "place_id": "ChIJ5y1dEq6HGGARCggHa70h7ZqY8",
        "id": "73a557c8bc886a604f48cafe3f6a28251ca2d83a",
        "name": "Mizue Ryokuchi Park",
        "rating": 3.1,
        "reference": "CmRSAAAAGbdK__hEisGgxKAVxRkEP2jZu6ixWKCnUt7az8uEmk2dqNJ8LbhUX5yP1pTUk2bFtGn9fZAaU4OmGEn-EY3wuVXw6bryEkHpvhBVUi1xHNyqHYb6ERqVFLv2idHXTrLMEhAC6VMqaybveybx20-p9jjuGhRvmRCMmZT1-6a6G2WWxfXiCoi3rA",
        "types": ["park", "point_of_interest", "establishment"],
        "formatted_address": "Nhật Bản, 〒132-0003 Tōkyō-to, Edogawa-ku, Haruechō, 3 Chome, 東京都江戸川区春江町３丁目",
        "icon": "https://maps.gstatic.com/mapfiles/place_api/icons/generic_recreational-71.png",
        "post_code": " 〒132-0003",
        "input_address": "Mizue Ryokuchi Park, Edogawa, Tokyo, Nhật Bản"
      }
    }
  ]
}
