{
  "startDate": "2017-07-10",
  "startTime": "09:00",
  "stay": 5,
  "title": "Kiba Park, Kiba, Tokyo",
  "summary": "Travel Kiba park in Tokyo-Japn on five days",
  "place": {
    "googleId": "ChIJddt-chuJGGARDHrwEnQv27I",
    "placeId": "4028b8815d2a67a9015d2a67e3ba0003",
    "type": "park",
    "url": "http://www.tokyo-park.or.jp/park/format/index020.html"
  },
  "destinationId": "4028b8815d2a67a9015d2a67e3ba0003",
  "transit": {
    "transitDate": "2017/07/10",
    "departTimeTransit": "09:00",
    "arrivalTimeTransit": "12:00",
    "transitType": 0,
    "placeOrder": 0
  }
}
