{
  "placeId": 1,
  "type": "Hotel",
  "location": "4-2-8 Shiba-koen, Minato, Tokyo",
  "title": "Tokyo Tower",
  "url": "http://example.com",
  "summary": "The kanji that make up Japan's name mean. can be read as ni and means sun while 本 can be read as hon, or pon and means origin. Japan is often referred to by the famous epithet in reference to its Japanese name. Japan is a stratovolcanic archipelago consisting of about6, 852 islands. The four largest are Honshu, Hokkaido, Kyushu and Shikoku, which make up about ninety-seven percent of Japan's land area and often are referred to as home islands. The country is divided into47 prefectures in eight regions; Hokkaido being the northernmost prefecture and Okinawa being the southernmost one. The population of127 million is the world's tenth largest. Japanese people make up98.5% of Japan's total population. Approximately9.1 million people live in the city of Tokyo, the capital of Japan.",
  "photos": [
    "http://www.pros3d.com/contents/useruppic/21.jpg",
    "http://bsnscb.com/data/out/21/26991548-bing-wallpapers.jpeg",
    "http://www.10wallpaper.com/wallpaper/medium/1602/Canada_Aurora_Tombstone_Territorial_Park-2016_Bing_Desktop_Wallpaper_medium.jpg",
    "https://static.pexels.com/photos/26750/pexels-photo-26750.jpg"
  ],
  "googleId": "ChIJD4KER5OMGGARGI6iNtBWYQE",
  "totalUserRating": 6,
  "ratingAverage": 3.4,
  "publicLevel": "ONLY_ME",
  "myReview": {
    "placeId": "12",
    "avatar": "",
    "username": "User Name",
    "content": "Comemnt",
    "rating": "4.7",
    "photo": "",
    "date": "2017-09-08"
  },
  "reviews": [
    {
      "placeId": "14",
      "avatar": "",
      "username": "User Name",
      "content": "Comemnt",
      "rating": "2.3",
      "photo": "",
      "date": "2017-09-08"
    },
    {
      "placeId": "13",
      "avatar": "",
      "username": "User Name 1",
      "content": "Comemnt 222",
      "rating": "3.6",
      "photo": "",
      "date": "2017-09-26"
    }
  ]
}
