{
  "planId": "ff8081815dd9e6cb015dda7b9f1c0015",
  "title": "How To Create a Carousel",
  "publicLevel": "PUBLIC",
  "summary": " Carousels are not supported properly in Internet Explorer 9 and earlier (because they use CSS3 transitions and animations to achieve the slide effect).",
  "startDate": "2017-08-13",
  "endDate": "2017-08-14",
  "duration": 2,
  "totalUserRating": 0,
  "ratingAverage": 4.3,
  "longitude": 0.0,
  "latitude": 0.0,
  "wished": false,
  "createBy": "khangnt12@fsoft.com.vn",
  "destinations": [
    {
      "startDate": "2017-08-13",
      "startTime": "09:00",
      "stay": 1,
      "title": "Chiba, Nhật Bản",
      "summary": "Chiba, Nhật Bản",
      "place": {
        "placeId": "ff8081815dbb51b2015dbbabcdc00010",
        "avatar": "https://s3-ap-northeast-1.amazonaws.com/olympic-images.nbd-dev.org/place/google/origin/ff8081815dbae517015dbafb9253000c/detail/46af35bc-4f83-4c25-95bb-7dc55cfb23e4.jpeg",
        "title": "Tokyo Tower",
        "googleId": "ChIJEZUb1l-bImARvnvg_9t3thw",
        "type": 0,
        "url": "https://maps.google.com/?q=Tokyo+Tower&ftid=0x60188bbd90841d73:0xaa98574dc1548bf",
        "address": "Tokyo Tower, 4 Chome-2-8 Shibakōen, Minato-ku, Tōkyō-to 105-0011, Japan",
        "price": 0.0,
        "totalUserRating": 0,
        "ratingAverage": 0.0,
        "latitude": 35.6050574,
        "longitude": 140.12330629999997
      },
      "destinationId": "0",
      "transit": {
        "transitType": "other",
        "transitBy": 0,
        "placeOrder": 0
      }
    },
    {
      "startDate": "2017-08-13",
      "startTime": "12:00",
      "stay": 2,
      "title": "Funadomizube Park, Itabashi, Tokyo, Nhật Bản",
      "summary": "Funadomizube Park, Itabashi, Tokyo, Nhật Bản",
      "place": {
        "placeId": "ff8081815dd9e6cb015dda794268000f",
        "avatar": "https://s3-ap-northeast-1.amazonaws.com/olympic-images.nbd-dev.org/place/google/origin/ff8081815dbae517015dbafb9253000c/detail/46af35bc-4f83-4c25-95bb-7dc55cfb23e4.jpeg",
        "title": "Tokyo Tower",
        "googleId": "ChIJETQopaHsGGARDh3SdOZP-d4",
        "type": 0,
        "url": "https://maps.google.com/?q=Tokyo+Tower&ftid=0x60188bbd90841d73:0xaa98574dc1548bf",
        "address": "Tokyo Tower, 4 Chome-2-8 Shibakōen, Minato-ku, Tōkyō-to 105-0011, Japan",
        "price": 0.0,
        "totalUserRating": 0,
        "ratingAverage": 0.0,
        "latitude": 35.79229249999999,
        "longitude": 139.6731846
      },
      "destinationId": "1",
      "transit": {
        "transitType": "other",
        "transitBy": 0,
        "placeOrder": 0
      }
    },
    {
      "startDate": "2017-08-13",
      "startTime": "15:00",
      "stay": 1,
      "title": "Matsudo Velodrome, Matsudo, Chiba, Nhật Bản",
      "summary": "Matsudo Velodrome, Matsudo, Chiba, Nhật Bản",
      "place": {
        "placeId": "ff8081815dd9e6cb015dda79f6cc0011",
        "googleId": "ChIJH4NYSMGEGGARD9rEuMiXaIc",
        "type": 0,
        "url": "https://maps.google.com/?q=Tokyo+Tower&ftid=0x60188bbd90841d73:0xaa98574dc1548bf",
        "address": "Tokyo Tower, 4 Chome-2-8 Shibakōen, Minato-ku, Tōkyō-to 105-0011, Japan",
        "price": 0.0,
        "totalUserRating": 0,
        "ratingAverage": 0.0,
        "latitude": 35.80416839999999,
        "longitude": 139.91119720000006
      },
      "destinationId": "2",
      "transit": {
        "transitType": "other",
        "transitBy": 0,
        "placeOrder": 0
      }
    },
    {
      "startDate": "2017-08-14",
      "startTime": "09:00",
      "stay": 2,
      "title": "Shioiri Park, Minamisenju, Tokyo, Nhật Bản",
      "summary": "Shioiri Park, Minamisenju, Tokyo, Nhật Bản",
      "place": {
        "placeId": "ff8081815dd9e6cb015dda2a6a2b0002",
        "avatar": "https://s3-ap-northeast-1.amazonaws.com/olympic-images.nbd-dev.org/place/google/origin/ff8081815dbae517015dbafb9253000c/detail/46af35bc-4f83-4c25-95bb-7dc55cfb23e4.jpeg",
        "title": "Tokyo Tower",
        "googleId": "ChIJd14cuP6OGGARTRJpZL0QhWc",
        "type": 0,
        "url": "https://maps.google.com/?q=Tokyo+Tower&ftid=0x60188bbd90841d73:0xaa98574dc1548bf",
        "address": "Tokyo Tower, 4 Chome-2-8 Shibakōen, Minato-ku, Tōkyō-to 105-0011, Japan",
        "price": 0.0,
        "totalUserRating": 0,
        "ratingAverage": 0.0,
        "latitude": 35.73654750000001,
        "longitude": 139.80932559999997
      },
      "destinationId": "3",
      "transit": {
        "transitType": "other",
        "transitBy": 0,
        "placeOrder": 0
      }
    },
    {
      "startDate": "2017-08-14",
      "startTime": "16:00",
      "stay": 2,
      "title": "Arasatowakamiya Park, Kawaguchi, Saitama, Nhật Bản",
      "summary": "Arasatowakamiya Park, Kawaguchi, Saitama, Nhật Bản",
      "place": {
        "placeId": "ff8081815dd9e6cb015dda7b1dd70013",
        "avatar": "https://s3-ap-northeast-1.amazonaws.com/olympic-images.nbd-dev.org/place/google/origin/ff8081815dbae517015dbafb9253000c/detail/46af35bc-4f83-4c25-95bb-7dc55cfb23e4.jpeg",
        "title": "Tokyo Tower",
        "googleId": "ChIJlZkvOgaUGGAR-0SoX_FfPpc",
        "type": 0,
        "url": "https://maps.google.com/?q=Tokyo+Tower&ftid=0x60188bbd90841d73:0xaa98574dc1548bf",
        "address": "Tokyo Tower, 4 Chome-2-8 Shibakōen, Minato-ku, Tōkyō-to 105-0011, Japan",
        "price": 0.0,
        "totalUserRating": 0,
        "ratingAverage": 0.0,
        "latitude": 35.8347456,
        "longitude": 139.76357929999995
      },
      "destinationId": "4",
      "transit": {
        "transitType": "other",
        "transitBy": 0,
        "placeOrder": 0
      }
    }
  ],
  "photos": [
  ],
  "reviews": {
    "content": [
      {
        "userId": "ff8081815dd99675015dd99c4c9a0000",
        "avatar": "https://s3-ap-northeast-1.amazonaws.com/olympic-images.nbd-dev.org/user/avatar/origin/ap-northeast-1:e759ef41-9ced-4b7a-914b-62c7ce33f1dd/e7d507b0-52ec-4754-b489-ec86031f89d8.png",
        "username": "thanhhm3",
        "content": "exellent",
        "rating": 5,
        "photo": "",
        "createAt": "2017-08-23T06:12:47.000+0000"
      }
    ],
    "last": true,
    "totalPages": 1,
    "totalElements": 1,
    "numberOfElements": 1,
    "sort": null,
    "first": true,
    "size": 0,
    "number": 0
  }
}
