{
  "plan": [
    {
      "date": "2017-08-13",
      "destinations": [
        {
          "startDate": "2017-08-13",
          "startTime": "09:00",
          "stay": 1,
          "title": "Chiba, Nhật Bản",
          "summary": "Chiba, Nhật Bản",
          "place": {
            "placeId": "ff8081815dbb51b2015dbbabcdc00010",
            "googleId": "ChIJEZUb1l-bImARvnvg_9t3thw",
            "type": 0,
            "price": 0,
            "totalUserRating": 0,
            "ratingAverage": 0,
            "longitude": 0,
            "latitude": 0
          },
          "destinationId": "ff8081815dd9e6cb015dda7b9f4a0016",
          "transit": {
            "transitType": "other",
            "transitBy": 0,
            "placeOrder": 0
          },
          "date": "2017-08-13",
          "map": {
            "location": {
              "lat": 35.6050574,
              "lng": 140.12330629999997
            },
            "place_id": "ChIJEZUb1l-bImARvnvg_9t3thw",
            "id": "312be0ae4d319004868948aae6982e92333d1669",
            "name": "Chiba",
            "reference": "CmRbAAAAuGZkXYnDzwo7OH9ISRBKuZJQG55moD_UWVkJPUQ49JEnxBpwVeau6OgJe-5B4de0I5j8ptPOlSdnkcTTN7QnXnzVa-b8Fi2TBTBMvJN1vsDUvAXrB32T1PFOyh5dWo8GEhBYh0uCnIa94FhVbFBv7DzqGhTxEr76l6SoC_mRMAVcIjjbcpYdTw",
            "types": [
              "administrative_area_level_1",
              "political"
            ],
            "formatted_address": "Chiba, Nhật Bản",
            "icon": "https://maps.gstatic.com/mapfiles/place_api/icons/geocode-71.png",
            "post_code": ""
          },
          "start": "09:00"
        },
        {
          "startDate": "2017-08-13",
          "startTime": "12:00",
          "stay": 2,
          "title": "Funadomizube Park, Itabashi, Tokyo, Nhật Bản",
          "summary": "Funadomizube Park, Itabashi, Tokyo, Nhật Bản",
          "place": {
            "placeId": "ff8081815dd9e6cb015dda794268000f",
            "googleId": "ChIJETQopaHsGGARDh3SdOZP-d4",
            "type": 0,
            "price": 0,
            "totalUserRating": 0,
            "ratingAverage": 0,
            "longitude": 0,
            "latitude": 0
          },
          "destinationId": "ff8081815dd9e6cb015dda7b9f4a0018",
          "transit": {
            "transitType": "other",
            "transitBy": 0,
            "placeOrder": 0
          },
          "date": "2017-08-13",
          "map": {
            "location": {
              "lat": 35.79229249999999,
              "lng": 139.6731846
            },
            "place_id": "ChIJETQopaHsGGARDh3SdOZP-d4",
            "id": "7820bdc0eefeeee757b15dea4686dd0cb43e0536",
            "name": "Funadomizube Park",
            "rating": 3.8,
            "reference": "CmRSAAAAeKUgfQRYVltTfsbiuaP0pDHYUaLg4R73jPl6Ktot2DcG0EBUfaEsam6B2b5JnKxnB_TTO0GRWBJq8PtC9aCluXzSA7VLsieXhrUojXvn6xHRlNNn5ovbOu1uqVo4NzT1EhDmjcMW7CEF1Q80xfdDa4ntGhTew8ZCQDf5DoGpwHX37rqEMYVdfg",
            "types": [
              "park",
              "point_of_interest",
              "establishment"
            ],
            "formatted_address": "4 Chome-4 Funado, Itabashi-ku, Tōkyō-to 174-0041, Nhật Bản",
            "icon": "https://maps.gstatic.com/mapfiles/place_api/icons/generic_recreational-71.png",
            "post_code": " 174-0041"
          },
          "start": "09:00"
        },
        {
          "startDate": "2017-08-13",
          "startTime": "15:00",
          "stay": 1,
          "title": "Matsudo Velodrome, Matsudo, Chiba, Nhật Bản",
          "summary": "Matsudo Velodrome, Matsudo, Chiba, Nhật Bản",
          "place": {
            "placeId": "ff8081815dd9e6cb015dda79f6cc0011",
            "googleId": "ChIJH4NYSMGEGGARD9rEuMiXaIc",
            "type": 0,
            "price": 0,
            "totalUserRating": 0,
            "ratingAverage": 0,
            "longitude": 0,
            "latitude": 0
          },
          "destinationId": "ff8081815dd9e6cb015dda7b9f4b001a",
          "transit": {
            "transitType": "other",
            "transitBy": 0,
            "placeOrder": 0
          },
          "date": "2017-08-13",
          "map": {
            "location": {
              "lat": 35.80416839999999,
              "lng": 139.91119720000006
            },
            "place_id": "ChIJH4NYSMGEGGARD9rEuMiXaIc",
            "id": "9d5f32236c33ed2b3a35c1eeb4ce042d66f4a8af",
            "international_phone_number": "+81 47-362-2181",
            "name": "Matsudo Velodrome",
            "rating": 4.1,
            "reference": "CmRSAAAA-3rn4mb_0szjZyUdCR8uAUEzM4PiDPXzqjxQDwlAAIxSIx27RXnlOEUb3apUFX7xuFluGb1PUaHTXfo3z0j_58D-puG5DTd8r6rebXb02fd1lWvW8a8aN1_09o8VSmPTEhDU8oT3pOtnoSNIdehgZ8pdGhQp6q9LciqndMsjUMsCH1AjAswo-A",
            "website": "http://www.matsudokeirin.jp/",
            "types": [
              "point_of_interest",
              "establishment"
            ],
            "formatted_address": "Nhật Bản, 〒271-0064 Chiba-ken, Matsudo-shi, Kamihongō, 千葉県松戸市上本郷594",
            "icon": "https://maps.gstatic.com/mapfiles/place_api/icons/generic_business-71.png",
            "post_code": " 〒271-0064"
          },
          "start": "09:00"
        }
      ]
    },
    {
      "date": "2017-08-14",
      "destinations": [
        {
          "startDate": "2017-08-14",
          "startTime": "09:00",
          "stay": 2,
          "title": "Shioiri Park, Minamisenju, Tokyo, Nhật Bản",
          "summary": "Shioiri Park, Minamisenju, Tokyo, Nhật Bản",
          "place": {
            "placeId": "ff8081815dd9e6cb015dda2a6a2b0002",
            "googleId": "ChIJd14cuP6OGGARTRJpZL0QhWc",
            "type": 0,
            "price": 0,
            "totalUserRating": 0,
            "ratingAverage": 0,
            "longitude": 0,
            "latitude": 0
          },
          "destinationId": "ff8081815dd9e6cb015dda7b9f4b001c",
          "transit": {
            "transitType": "other",
            "transitBy": 0,
            "placeOrder": 0
          },
          "date": "2017-08-14",
          "map": {
            "location": {
              "lat": 35.73654750000001,
              "lng": 139.80932559999997
            },
            "place_id": "ChIJd14cuP6OGGARTRJpZL0QhWc",
            "id": "0bd69c7e2fcaab8cf0d051f564490c4b93b46314",
            "international_phone_number": "+81 3-3807-5181",
            "name": "Shioiri Park",
            "rating": 4,
            "reference": "CmRRAAAALMpestF03PtRkNuLeK9LFzX2tm3nEW9t0dU6sP1DT35qpRireCV6adYDOv5RgUi7ryToedBgAwy9XAVJtxPKZgg-MYQIRIkJAsftMGpbrSoLo2AeZH85mm9XAhha5SxMEhDJgCZUZOxM32rcb8apm7XUGhS4QkQsZM7VXA-pX_FAj-sQAM-eXg",
            "website": "https://www.city.arakawa.tokyo.jp/shisetsu/koen/toritsushioirikoen.html",
            "types": [
              "park",
              "point_of_interest",
              "establishment"
            ],
            "formatted_address": "8 Chome-13-1 Minamisenju, 荒川区 Arakawa-ku, Tōkyō-to 116-0003, Nhật Bản",
            "icon": "https://maps.gstatic.com/mapfiles/place_api/icons/generic_recreational-71.png",
            "post_code": " 116-0003"
          },
          "start": "09:00"
        },
        {
          "startDate": "2017-08-14",
          "startTime": "16:00",
          "stay": 2,
          "title": "Arasatowakamiya Park, Kawaguchi, Saitama, Nhật Bản",
          "summary": "Arasatowakamiya Park, Kawaguchi, Saitama, Nhật Bản",
          "place": {
            "placeId": "ff8081815dd9e6cb015dda7b1dd70013",
            "googleId": "ChIJlZkvOgaUGGAR-0SoX_FfPpc",
            "type": 0,
            "price": 0,
            "totalUserRating": 0,
            "ratingAverage": 0,
            "longitude": 0,
            "latitude": 0
          },
          "destinationId": "ff8081815dd9e6cb015dda7b9f4b001e",
          "transit": {
            "transitType": "other",
            "transitBy": 0,
            "placeOrder": 0
          },
          "date": "2017-08-14",
          "map": {
            "location": {
              "lat": 35.8347456,
              "lng": 139.76357929999995
            },
            "place_id": "ChIJlZkvOgaUGGAR-0SoX_FfPpc",
            "id": "153e0cda1771a0d80595db8006d52b858723bf00",
            "name": "Arasatowakamiya Park",
            "rating": 3.2,
            "reference": "CmRSAAAAnINmi81kgyGWDz-UFWnttT_TCM50Mf7cyu7hp1WJDjs057D69HrlKpZC4Rl2pzvgkguDRSIvrPUsnt-4X1pAqWLTC3cZ4pm2idjDDOzItUD03TgheXF-ka1Quah9OqdNEhCqOckNAF75PUHQTBhK5mHEGhSl9IBZPEeuImhK2hwiRnfxdzhhbA",
            "types": [
              "park",
              "point_of_interest",
              "establishment"
            ],
            "formatted_address": "Nhật Bản, 〒334-0066 Saitama-ken, Kawaguchi-shi, Higashikaizuka, 埼玉県川口市大字東貝塚",
            "icon": "https://maps.gstatic.com/mapfiles/place_api/icons/generic_recreational-71.png",
            "post_code": " 〒334-0066"
          },
          "start": "09:00"
        }
      ]
    }
  ]
}
