{
  "typeOfPlace": {
    "0": "None",
    "1": "Airport",
    "2": "Amusement park",
    "3": "Aquarium",
    "4": "Art gallery",
    "5": "Bar",
    "6": "Cafe",
    "7": "Campground",
    "8": "Electronics store",
    "9": "Lodging",
    "10": "Meal takeaway",
    "11": "Museum",
    "12": "Night club",
    "13": "Park",
    "14": "Restaurant",
    "15": "Shopping mall",
    "16": "Spa",
    "17": "Zoo",
    "18": "Taxi stand",
    "19": "Train station",
    "20": "Travel agency",
    "21": "Zoo"
  },
  "duration": {
    "0": "Duration",
    "1": "1 day",
    "2": "2 days",
    "3": "2 days",
    "4": "3 days",
    "5": "4 days",
    "6": "5 days",
    "7": "6 days",
    "8": "7 days",
    "9": "8 days",
    "10": "9 days",
    "11": "More"
  },
  "area": {
    "0": "Area",
    "1": "Hokkaidō",
    "2": "Tōhoku",
    "3": "Kantō",
    "4": "Chūbu",
    "5": "Kansai",
    "6": "Chūgoku",
    "7": "Shikoku",
    "8": "Kyūshū"
  },
  "prefecture": {
    "1": {
      "1": "Hokkaidō"
    },
    "2": {
      "2": "Aomori",
      "3": "Iwate",
      "4": "Miyagi",
      "5": "Akita",
      "6": "Yamagata",
      "7": "Fukushima"
    },
    "3": {
      "8": "Ibaraki",
      "9": "Tochigi",
      "10": "Gunma",
      "11": "Saitama",
      "12": "Chiba",
      "13": "Tōkyō",
      "14": "Kanagawa"
    },
    "4": {
      "15": "Niigata",
      "16": "Toyama",
      "17": "Ishikawa",
      "18": "Fukui",
      "19": "Yamanashi",
      "20": "Nagano",
      "21": "Gifu",
      "22": "Shizuoka",
      "23": "Aichi"
    },
    "5": {
      "24": "Mie",
      "25": "Shiga",
      "26": "Kyōto",
      "27": "Ōsaka",
      "28": "Hyōgo",
      "29": "Nara",
      "30": "Wakayama"
    },
    "6": {
      "31": "Tottori",
      "32": "Shimane",
      "33": "Okayama",
      "34": "Hiroshima",
      "35": "Yamaguchi"
    },
    "7": {
      "36": "Tokushima",
      "37": "Kagawa",
      "38": "Ehime",
      "39": "Kōchi"
    },
    "8": {
      "40": "Fukuoka",
      "41": "Saga",
      "42": "Nagasaki",
      "43": "Kumamoto",
      "44": "Ōita",
      "45": "Miyazaki",
      "46": "Kagoshima",
      "47": "Okinawa"
    }
  }
}
