{
  "places": {
    "0": {
      "url": "#",
      "image": "images/Tokyo_Tower_01.jpg",
      "title": "Tokyo tower",
      "location": "4-2-8 Shiba-koen, Minato, Tokyo",
      "rating": "0"
    },
    "1": {
      "url": "#",
      "image": "images/flower_matsuri_01.jpg",
      "title": "Tokyo Daijingu",
      "location": "Kappabashi Main Street, Taito, Tokyo Prefecture",
      "rating": "2.5"
    },
    "2": {
      "url": "#",
      "image": "images/flower_matsuri_03.jpg",
      "title": "Shitamachi Tanabata Matsuri",
      "location": "Tokyo Daijingu, 2-4-1 Fujimi, Chiyoda-ku,Tokyo",
      "rating": "3"
    },
    "3": {
      "url": "#",
      "image": "images/flower_matsuri_05.jpg",
      "title": " Fujimi, Chiyoda-ku,Tokyo",
      "location": "Tokyo Daijingu, 2-4-1 Fujimi, Chiyoda-ku,Tokyo",
      "rating": "1.5"
    },
    "4": {
      "url": "#",
      "image": "images/Shonan_Hiratsuka_Tanabata_Matsuri_01.jpg",
      "title": "Shitamachi Tanabata Matsuri",
      "location": "Kappabashi Main Street, Taito, Tokyo Prefecture",
      "rating": "4.5"
    },
    "5": {
      "url": "#",
      "image": "images/Shonan_Hiratsuka_Tanabata_Matsuri_04.jpg",
      "title": "Tokyo tower",
      "location": "Tokyo Daijingu, 2-4-1 Fujimi, Chiyoda-ku,Tokyo",
      "rating": "3"
    },
    "6": {
      "url": "#",
      "image": "images/Tokyo_Daijingu_01.jpg",
      "title": "Shitamachi Tanabata Matsuri",
      "location": "4-2-8 Shiba-koen, Minato, Tokyo",
      "rating": "0"
    },
    "7": {
      "url": "#",
      "image": "images/Tokyo_Daijingu_02.jpg",
      "title": "Kappabashi Main Street",
      "location": "Tokyo Daijingu, 2-4-1 Fujimi, Chiyoda-ku,Tokyo",
      "rating": "5"
    },
    "8": {
      "url": "#",
      "image": "images/Tokyo_Tower_02.jpg",
      "title": "Tokyo tower",
      "location": "Kappabashi Main Street, Taito, Tokyo Prefecture",
      "rating": "2.5"
    },
    "9": {
      "url": "#",
      "image": "images/Tokyo_Tower_05.jpg",
      "title": "Shitamachi Tanabata Matsuri",
      "location": "4-2-8 Shiba-koen, Minato, Tokyo",
      "rating": "4"
    },
    "10": {
      "url": "#",
      "image": "images/flower_matsuri_02.jpg",
      "title": "Kappabashi Main Street",
      "location": "Tokyo Daijingu, 2-4-1 Fujimi, Chiyoda-ku,Tokyo",
      "rating": "3.5"
    },
    "11": {
      "url": "#",
      "image": "images/Tokyo_Tower_02.jpg",
      "title": " Fujimi, Chiyoda-ku,Tokyo",
      "location": "Kappabashi Main Street, Taito, Tokyo Prefecture",
      "rating": "0"
    },
    "12": {
      "url": "#",
      "image": "images/Tokyo_Tower_01.jpg",
      "title": "Tokyo tower",
      "location": "4-2-8 Shiba-koen, Minato, Tokyo",
      "rating": "0"
    },
    "13": {
      "url": "#",
      "image": "images/flower_matsuri_01.jpg",
      "title": "Tokyo Daijingu",
      "location": "Kappabashi Main Street, Taito, Tokyo Prefecture",
      "rating": "2.5"
    },
    "14": {
      "url": "#",
      "image": "images/flower_matsuri_03.jpg",
      "title": "Shitamachi Tanabata Matsuri",
      "location": "Tokyo Daijingu, 2-4-1 Fujimi, Chiyoda-ku,Tokyo",
      "rating": "3"
    },
    "15": {
      "url": "#",
      "image": "images/flower_matsuri_05.jpg",
      "title": " Fujimi, Chiyoda-ku,Tokyo",
      "location": "Tokyo Daijingu, 2-4-1 Fujimi, Chiyoda-ku,Tokyo",
      "rating": "1.5"
    },
    "16": {
      "url": "#",
      "image": "images/Shonan_Hiratsuka_Tanabata_Matsuri_01.jpg",
      "title": "Shitamachi Tanabata Matsuri",
      "location": "Kappabashi Main Street, Taito, Tokyo Prefecture",
      "rating": "4.5"
    },
    "17": {
      "url": "#",
      "image": "images/Shonan_Hiratsuka_Tanabata_Matsuri_04.jpg",
      "title": "Tokyo tower",
      "location": "Tokyo Daijingu, 2-4-1 Fujimi, Chiyoda-ku,Tokyo",
      "rating": "3"
    },
    "18": {
      "url": "#",
      "image": "images/Tokyo_Daijingu_01.jpg",
      "title": "Shitamachi Tanabata Matsuri",
      "location": "4-2-8 Shiba-koen, Minato, Tokyo",
      "rating": "0"
    },
    "19": {
      "url": "#",
      "image": "images/Tokyo_Daijingu_02.jpg",
      "title": "Kappabashi Main Street",
      "location": "Tokyo Daijingu, 2-4-1 Fujimi, Chiyoda-ku,Tokyo",
      "rating": "5"
    },
    "20": {
      "url": "#",
      "image": "images/Tokyo_Tower_02.jpg",
      "title": "Tokyo tower",
      "location": "Kappabashi Main Street, Taito, Tokyo Prefecture",
      "rating": "2.5"
    },
    "21": {
      "url": "#",
      "image": "images/Tokyo_Tower_05.jpg",
      "title": "Shitamachi Tanabata Matsuri",
      "location": "4-2-8 Shiba-koen, Minato, Tokyo",
      "rating": "4"
    },
    "22": {
      "url": "#",
      "image": "images/flower_matsuri_02.jpg",
      "title": "Kappabashi Main Street",
      "location": "Tokyo Daijingu, 2-4-1 Fujimi, Chiyoda-ku,Tokyo",
      "rating": "3.5"
    },
    "23": {
      "url": "#",
      "image": "images/Tokyo_Tower_02.jpg",
      "title": " Fujimi, Chiyoda-ku,Tokyo",
      "location": "Kappabashi Main Street, Taito, Tokyo Prefecture",
      "rating": "0"
    }
  }
}
