<?xml version="1.0" encoding="utf-8"?>
<databaseChangeLog
    xmlns="http://www.liquibase.org/xml/ns/dbchangelog"
    xmlns:ext="http://www.liquibase.org/xml/ns/dbchangelog-ext"
    xmlns:xsi="http://www.w3.org/2001/XMLSchema-instance"
    xsi:schemaLocation="http://www.liquibase.org/xml/ns/dbchangelog http://www.liquibase.org/xml/ns/dbchangelog/dbchangelog-3.5.xsd
                        http://www.liquibase.org/xml/ns/dbchangelog-ext http://www.liquibase.org/xml/ns/dbchangelog/dbchangelog-ext.xsd">

    <property name="now" value="now()" dbms="h2"/>

    <property name="now" value="now()" dbms="mysql"/>
    <property name="autoIncrement" value="true"/>

    <property name="floatType" value="float4" dbms="postgresql, h2"/>
    <property name="floatType" value="float" dbms="mysql, oracle, mssql"/>

    <!--
        Added the entity Accounts.
    -->
    <changeSet id="20180806095030-1" author="jhipster">
        <createTable tableName="accounts">
            <column name="id" type="bigint" autoIncrement="${autoIncrement}">
                <constraints primaryKey="true" nullable="false"/>
            </column>
            <column name="login" type="varchar(255)">
                <constraints nullable="true" />
            </column>

            <column name="name" type="varchar(255)">
                <constraints nullable="true" />
            </column>

            <column name="email" type="varchar(255)">
                <constraints nullable="true" />
            </column>

            <column name="activated" type="bit">
                <constraints nullable="true" />
            </column>

            <column name="lang_key" type="varchar(255)">
                <constraints nullable="true" />
            </column>

            <column name="avatar" type="longblob">
                <constraints nullable="true" />
            </column>
            <column name="avatar_content_type" type="varchar(255)">
                <constraints nullable="true" />
            </column>

            <column name="created_by" type="varchar(255)">
                <constraints nullable="true" />
            </column>

            <column name="created_date" type="date">
                <constraints nullable="true" />
            </column>

            <column name="last_modified_by" type="varchar(255)">
                <constraints nullable="true" />
            </column>

            <column name="last_modified_date" type="date">
                <constraints nullable="true" />
            </column>

            <column name="jhi_password" type="varchar(255)">
                <constraints nullable="true" />
            </column>

            <!-- jhipster-needle-liquibase-add-column - JHipster will add columns here, do not remove-->
        </createTable>
        
    </changeSet>
    <!-- jhipster-needle-liquibase-add-changeset - JHipster will add changesets here, do not remove-->
</databaseChangeLog>
