{
  "generator-jhipster": {
    "promptValues": {
      "packageName": "com.lawer",
      "nativeLanguage": "en"
    },
    "jhipsterVersion": "5.0.2",
    "applicationType": "monolith",
    "baseName": "lawer",
    "packageName": "com.lawer",
    "packageFolder": "com/lawer",
    "serverPort": "8080",
    "authenticationType": "jwt",
    "cacheProvider": "ehcache",
    "enableHibernateCache": true,
    "websocket": false,
    "databaseType": "sql",
    "devDatabaseType": "mysql",
    "prodDatabaseType": "mysql",
    "searchEngine": false,
    "messageBroker": false,
    "serviceDiscoveryType": false,
    "buildTool": "maven",
    "enableSwaggerCodegen": false,
    "jwtSecretKey": "03e311c3e154efbbac0643e4e3654c4517ea7d9b",
    "clientFramework": "angularX",
    "useSass": false,
    "clientPackageManager": "yarn",
    "testFrameworks": [
      "protractor"
    ],
    "jhiPrefix": "jhi",
    "enableTranslation": true,
    "nativeLanguage": "en",
    "languages": [
      "en",
      "ja"
    ]
  }
}